{"cameraMode":{"drawMode":0,"name":"Shaded","section":"Shading Mode"},"sceneLighting":false,"audioPlay":false,"sceneViewState":{"showFog":true,"showMaterialUpdate":false,"showSkybox":true,"showFlares":true,"showImageEffects":true,"showParticleSystems":true},"in2DMode":false,"pivot":{"x":40.17451858520508,"y":1.164966344833374,"z":-18.932456970214845},"rotation":{"x":0.6678643226623535,"y":-0.008930477313697338,"z":0.008014908991754055,"w":0.7441891431808472},"size":4.790311813354492,"orthographic":false}