{"cameraMode":{"drawMode":0,"name":"Shaded","section":"Shading Mode"},"sceneLighting":false,"audioPlay":false,"sceneViewState":{"showFog":true,"showMaterialUpdate":false,"showSkybox":true,"showFlares":true,"showImageEffects":true,"showParticleSystems":true},"in2DMode":false,"pivot":{"x":38.10487365722656,"y":-8.208107948303223,"z":-5.958809852600098},"rotation":{"x":0.3486131429672241,"y":-0.23396696150302888,"z":0.09031638503074646,"w":0.9030929803848267},"size":15.882068634033204,"orthographic":false}