{"cameraMode":{"drawMode":0,"name":"Shaded","section":"Shading Mode"},"sceneLighting":false,"audioPlay":false,"sceneViewState":{"showFog":true,"showMaterialUpdate":false,"showSkybox":true,"showFlares":true,"showImageEffects":true,"showParticleSystems":true},"in2DMode":false,"pivot":{"x":1.0451586246490479,"y":1.7561159133911133,"z":1.5879931449890137},"rotation":{"x":0.39747023582458498,"y":-0.023394843563437463,"z":0.010137949138879776,"w":0.9172641038894653},"size":1.411571979522705,"orthographic":false}