{"cameraMode":{"drawMode":0,"name":"Shaded","section":"Shading Mode"},"sceneLighting":false,"audioPlay":false,"sceneViewState":{"showFog":true,"showMaterialUpdate":false,"showSkybox":true,"showFlares":true,"showImageEffects":true,"showParticleSystems":true},"in2DMode":false,"pivot":{"x":-29.744762420654298,"y":-2.211052417755127,"z":2.667224884033203},"rotation":{"x":0.2815375328063965,"y":-0.05609367415308952,"z":0.01648869179189205,"w":0.9577696323394775},"size":16.338199615478517,"orthographic":false}