{"cameraMode":{"drawMode":0,"name":"Shaded","section":"Shading Mode"},"sceneLighting":false,"audioPlay":false,"sceneViewState":{"showFog":true,"showMaterialUpdate":false,"showSkybox":true,"showFlares":true,"showImageEffects":true,"showParticleSystems":true},"in2DMode":false,"pivot":{"x":-0.43791142106056216,"y":0.056533098220825198,"z":0.052842140197753909},"rotation":{"x":0.009893037378787995,"y":0.9581452012062073,"z":-0.28415992856025698,"w":0.033357828855514529},"size":2.7405893802642824,"orthographic":false}