{"cameraMode":{"drawMode":0,"name":"Shaded","section":"Shading Mode"},"sceneLighting":true,"audioPlay":false,"sceneViewState":{"showFog":true,"showMaterialUpdate":false,"showSkybox":true,"showFlares":true,"showImageEffects":true,"showParticleSystems":true},"in2DMode":false,"pivot":{"x":23.50287628173828,"y":-0.8286342620849609,"z":-12.144372940063477},"rotation":{"x":0.4153697192668915,"y":-0.013643898069858551,"z":0.006230984814465046,"w":0.9095346331596375},"size":55.31026077270508,"orthographic":false}