{"cameraMode":{"drawMode":0,"name":"Shaded","section":"Shading Mode"},"sceneLighting":false,"audioPlay":false,"sceneViewState":{"showFog":true,"showMaterialUpdate":false,"showSkybox":true,"showFlares":true,"showImageEffects":true,"showParticleSystems":true},"in2DMode":false,"pivot":{"x":-10.000000953674317,"y":1.7500001192092896,"z":4.0},"rotation":{"x":0.38110068440437319,"y":-0.10916956514120102,"z":0.045372992753982547,"w":0.9169464111328125},"size":9.37020206451416,"orthographic":false}