{"cameraMode":{"drawMode":0,"name":"Shaded","section":"Shading Mode"},"sceneLighting":false,"audioPlay":false,"sceneViewState":{"showFog":true,"showMaterialUpdate":false,"showSkybox":true,"showFlares":true,"showImageEffects":true,"showParticleSystems":true},"in2DMode":false,"pivot":{"x":-0.6411854028701782,"y":1.441166877746582,"z":-2.1008143424987795},"rotation":{"x":-0.29196956753730776,"y":-0.09790189564228058,"z":0.030058588832616807,"w":-0.950933039188385},"size":5.92861270904541,"orthographic":false}