{"cameraMode":{"drawMode":0,"name":"Shaded","section":"Shading Mode"},"sceneLighting":false,"audioPlay":false,"sceneViewState":{"showFog":true,"showMaterialUpdate":false,"showSkybox":true,"showFlares":true,"showImageEffects":true,"showParticleSystems":true},"in2DMode":false,"pivot":{"x":47.71042251586914,"y":7.177000999450684,"z":-7.53011417388916},"rotation":{"x":0.3083716034889221,"y":-0.1714046448469162,"z":0.05659231171011925,"w":0.9339857697486877},"size":10.70722770690918,"orthographic":false}