{"cameraMode":{"drawMode":0,"name":"Shaded","section":"Shading Mode"},"sceneLighting":false,"audioPlay":false,"sceneViewState":{"showFog":true,"showMaterialUpdate":false,"showSkybox":true,"showFlares":true,"showImageEffects":true,"showParticleSystems":true},"in2DMode":false,"pivot":{"x":-2.74806809425354,"y":0.05318576097488403,"z":0.9822086095809937},"rotation":{"x":0.16937974095344544,"y":-0.047286443412303928,"z":0.008136659860610962,"w":0.9843829870223999},"size":2.8499999046325685,"orthographic":false}