{"cameraMode":{"drawMode":0,"name":"Shaded","section":"Shading Mode"},"sceneLighting":false,"audioPlay":false,"sceneViewState":{"showFog":true,"showMaterialUpdate":false,"showSkybox":true,"showFlares":true,"showImageEffects":true,"showParticleSystems":true},"in2DMode":false,"pivot":{"x":4.791640281677246,"y":0.5171494483947754,"z":-11.506190299987793},"rotation":{"x":0.3638330399990082,"y":-0.2745535671710968,"z":0.11314503848552704,"w":0.8828639388084412},"size":8.640186309814454,"orthographic":false}